{"cameraMode":{"drawMode":0,"name":"Shaded","section":"Shading Mode"},"sceneLighting":true,"audioPlay":false,"sceneViewState":{"showFog":true,"showMaterialUpdate":false,"showSkybox":true,"showFlares":true,"showImageEffects":true,"showParticleSystems":true},"in2DMode":false,"pivot":{"x":7.870999813079834,"y":0.41899871826171877,"z":1.6459999084472657},"rotation":{"x":0.5161253809928894,"y":0.44208836555480959,"z":-0.64167320728302,"w":0.3556232750415802},"size":1.1729141473770142,"orthographic":true}